effect,group,term,estimate,std.error,statistic,df,p.value
fixed,NA,(Intercept),814.9801245133019,14.734203890646372,55.31212480578411,106.16051742029916,4.253965091806785e-80
fixed,NA,X_i,12.246183916110892,23.07611330760749,0.5306865914925847,50.11163418833029,0.5979801213981745
ran_pars,subj_id,sd__(Intercept),93.29269258102889,NA,NA,NA,NA
ran_pars,subj_id,cor__(Intercept).X_i,-0.14222323534816195,NA,NA,NA,NA
ran_pars,subj_id,sd__X_i,35.01572187115769,NA,NA,NA,NA
ran_pars,item_id,sd__(Intercept),78.06691791765452,NA,NA,NA,NA
ran_pars,Residual,sd__Observation,202.14630763068865,NA,NA,NA,NA
fixed,NA,(Intercept),791.5896378112433,15.793680806448776,50.12065569211874,112.91287333432122,5.530617874523492e-79
fixed,NA,X_i,24.491302622933436,23.931850075880707,1.0233769033851905,49.39165329198068,0.3111160119034336
ran_pars,subj_id,sd__(Intercept),104.15113389548074,NA,NA,NA,NA
ran_pars,subj_id,cor__(Intercept).X_i,-0.017670417633930686,NA,NA,NA,NA
ran_pars,subj_id,sd__X_i,29.78318663087821,NA,NA,NA,NA
ran_pars,item_id,sd__(Intercept),81.5397268165829,NA,NA,NA,NA
ran_pars,Residual,sd__Observation,199.89028881368546,NA,NA,NA,NA
fixed,NA,(Intercept),794.8170883474295,15.167045399624138,52.404213701841115,114.61806192203902,6.393920937819732e-82
fixed,NA,X_i,57.78624213719759,23.10938551319902,2.50055295084297,52.43087790668177,0.015562807201891328
ran_pars,subj_id,sd__(Intercept),101.32952068248373,NA,NA,NA,NA
ran_pars,subj_id,cor__(Intercept).X_i,0.39070857823433847,NA,NA,NA,NA
ran_pars,subj_id,sd__X_i,49.59183869380128,NA,NA,NA,NA
ran_pars,item_id,sd__(Intercept),77.25278328710705,NA,NA,NA,NA
ran_pars,Residual,sd__Observation,200.0337224663083,NA,NA,NA,NA
fixed,NA,(Intercept),805.3961382110891,16.14727428572635,49.87814809853278,110.97274775568752,7.868848494851601e-78
fixed,NA,X_i,41.16726360234558,24.893217549110517,1.6537542212503809,50.87973355401511,0.10433501920484235
ran_pars,subj_id,sd__(Intercept),105.13984633566469,NA,NA,NA,NA
ran_pars,subj_id,cor__(Intercept).X_i,0.16744265180105736,NA,NA,NA,NA
ran_pars,subj_id,sd__X_i,43.48551944386658,NA,NA,NA,NA
ran_pars,item_id,sd__(Intercept),84.23379413740993,NA,NA,NA,NA
ran_pars,Residual,sd__Observation,203.51845724544535,NA,NA,NA,NA
fixed,NA,(Intercept),770.6853175978284,13.358028723616473,57.69453963183108,114.67432648849206,1.452392101265138e-86
fixed,NA,X_i,72.97934242855065,20.060986174533063,3.6378741201265647,51.152748743634426,6.393921706099367e-4
ran_pars,subj_id,sd__(Intercept),90.18200301303857,NA,NA,NA,NA
ran_pars,subj_id,cor__(Intercept).X_i,0.027464949848958385,NA,NA,NA,NA
ran_pars,subj_id,sd__X_i,37.42617729441234,NA,NA,NA,NA
ran_pars,item_id,sd__(Intercept),66.62990312334296,NA,NA,NA,NA
ran_pars,Residual,sd__Observation,203.93767310146538,NA,NA,NA,NA
fixed,NA,(Intercept),813.7685644694958,13.780594184651708,59.05177625619654,134.77491969680833,3.355863073660908e-98
fixed,NA,X_i,26.8733517820571,17.275090331484957,1.5556128081760994,52.26922263756537,0.12583489160377503
ran_pars,subj_id,sd__(Intercept),109.0244027016593,NA,NA,NA,NA
ran_pars,subj_id,cor__(Intercept).X_i,0.44454645473771526,NA,NA,NA,NA
ran_pars,subj_id,sd__X_i,37.765668286055245,NA,NA,NA,NA
ran_pars,item_id,sd__(Intercept),56.1670342524739,NA,NA,NA,NA
ran_pars,Residual,sd__Observation,199.33461193594565,NA,NA,NA,NA
fixed,NA,(Intercept),799.2982210520917,15.435597616004022,51.7827842456426,124.42752848222055,4.770241046757013e-86
fixed,NA,X_i,16.16575307643621,22.433768265502604,0.7205990935234453,54.101859495096456,0.4742583860085373
ran_pars,subj_id,sd__(Intercept),109.66310867830133,NA,NA,NA,NA
ran_pars,subj_id,cor__(Intercept).X_i,0.14060919515768835,NA,NA,NA,NA
ran_pars,subj_id,sd__X_i,55.9313505443405,NA,NA,NA,NA
ran_pars,item_id,sd__(Intercept),74.16444525425574,NA,NA,NA,NA
ran_pars,Residual,sd__Observation,199.8799754335299,NA,NA,NA,NA
fixed,NA,(Intercept),813.2042760080894,15.49636444626346,52.47710060175903,113.71694043529263,1.527144616541347e-81
fixed,NA,X_i,59.55149869626637,23.393009846197906,2.545696303630862,49.71324873757099,0.014054410291578475
ran_pars,subj_id,sd__(Intercept),102.91649446232701,NA,NA,NA,NA
ran_pars,subj_id,cor__(Intercept).X_i,0.22121775561396478,NA,NA,NA,NA
ran_pars,subj_id,sd__X_i,32.180520125130684,NA,NA,NA,NA
ran_pars,item_id,sd__(Intercept),79.34213639729624,NA,NA,NA,NA
ran_pars,Residual,sd__Observation,203.90893268228496,NA,NA,NA,NA
fixed,NA,(Intercept),793.3778218272173,16.664837703928836,47.60789369344855,99.15011442011223,4.113997589532106e-70
fixed,NA,X_i,63.00706586129798,26.875695986490197,2.3443882492557666,49.27115126690657,0.023132667636687393
ran_pars,subj_id,sd__(Intercept),99.8227182451924,NA,NA,NA,NA
ran_pars,subj_id,cor__(Intercept).X_i,-0.00497785244383881,NA,NA,NA,NA
ran_pars,subj_id,sd__X_i,31.652448688100613,NA,NA,NA,NA
ran_pars,item_id,sd__(Intercept),92.19345113749289,NA,NA,NA,NA
ran_pars,Residual,sd__Observation,200.97781303957615,NA,NA,NA,NA
fixed,NA,(Intercept),814.4103634456487,13.319592692536398,61.143788871412085,99.21101573797482,1.4402192895218574e-80
fixed,NA,X_i,87.5862011304765,21.705567665339,4.035195138910852,52.16779117947662,1.790463147660702e-4
ran_pars,subj_id,sd__(Intercept),80.48409892979815,NA,NA,NA,NA
ran_pars,subj_id,cor__(Intercept).X_i,0.18562716700261972,NA,NA,NA,NA
ran_pars,subj_id,sd__X_i,45.37959554246122,NA,NA,NA,NA
ran_pars,item_id,sd__(Intercept),72.45334502427842,NA,NA,NA,NA
ran_pars,Residual,sd__Observation,195.51091511125168,NA,NA,NA,NA
fixed,NA,(Intercept),792.9999743992955,15.926160927860991,49.79228691655583,106.98407561684208,7.887346211612098e-76
fixed,NA,X_i,77.43501484884041,24.953373503855595,3.1031882257072687,50.45761138315775,0.003134249932652502
ran_pars,subj_id,sd__(Intercept),101.02467856407753,NA,NA,NA,NA
ran_pars,subj_id,cor__(Intercept).X_i,0.15893616308204966,NA,NA,NA,NA
ran_pars,subj_id,sd__X_i,40.42260355478681,NA,NA,NA,NA
ran_pars,item_id,sd__(Intercept),84.70008215881018,NA,NA,NA,NA
ran_pars,Residual,sd__Observation,201.25440064999535,NA,NA,NA,NA
fixed,NA,(Intercept),796.2139701327978,14.01625031496347,56.806489056689834,110.53597183697251,1.242296983485321e-83
fixed,NA,X_i,39.524039667273286,21.619648990475927,1.82815362472743,51.283511892967866,0.07334587572604973
ran_pars,subj_id,sd__(Intercept),91.49091386636528,NA,NA,NA,NA
ran_pars,subj_id,cor__(Intercept).X_i,0.435146091470779,NA,NA,NA,NA
ran_pars,subj_id,sd__X_i,40.51126227196209,NA,NA,NA,NA
ran_pars,item_id,sd__(Intercept),72.49097328037924,NA,NA,NA,NA
ran_pars,Residual,sd__Observation,195.5834291031046,NA,NA,NA,NA
fixed,NA,(Intercept),797.7641542832323,16.215802343217753,49.19671178755435,94.96259207769899,2.2527952637083904e-69
fixed,NA,X_i,75.84602454237498,26.639149674867877,2.8471638722736805,49.50795570879306,0.006404623587259069
ran_pars,subj_id,sd__(Intercept),94.03299401358846,NA,NA,NA,NA
ran_pars,subj_id,cor__(Intercept).X_i,0.15360968653275034,NA,NA,NA,NA
ran_pars,subj_id,sd__X_i,33.94623895077072,NA,NA,NA,NA
ran_pars,item_id,sd__(Intercept),91.30558785468887,NA,NA,NA,NA
ran_pars,Residual,sd__Observation,197.43351454233064,NA,NA,NA,NA
fixed,NA,(Intercept),788.9092963305075,17.43880551538035,45.238723239084244,113.94414067408958,1.2075268815497304e-74
fixed,NA,X_i,71.82735621606535,26.672389889896653,2.692947895279273,51.49008211906896,0.009534633901400757
ran_pars,subj_id,sd__(Intercept),115.18526491946929,NA,NA,NA,NA
ran_pars,subj_id,cor__(Intercept).X_i,0.4444893162670516,NA,NA,NA,NA
ran_pars,subj_id,sd__X_i,50.66995303760438,NA,NA,NA,NA
ran_pars,item_id,sd__(Intercept),90.449614288427,NA,NA,NA,NA
ran_pars,Residual,sd__Observation,197.64653752447398,NA,NA,NA,NA
fixed,NA,(Intercept),800.0131192691499,16.900863815416745,47.335634912304805,92.28156865493328,1.5884760452977496e-66
fixed,NA,X_i,19.74724677712835,28.125655221178125,0.7021079730174257,49.828704903170106,0.48587869807989714
ran_pars,subj_id,sd__(Intercept),95.77213346852535,NA,NA,NA,NA
ran_pars,subj_id,cor__(Intercept).X_i,0.36170907062352375,NA,NA,NA,NA
ran_pars,subj_id,sd__X_i,39.227226203509275,NA,NA,NA,NA
ran_pars,item_id,sd__(Intercept),96.38390410312071,NA,NA,NA,NA
ran_pars,Residual,sd__Observation,201.4825403468255,NA,NA,NA,NA
fixed,NA,(Intercept),782.617247491238,15.304647201944798,51.135922126436796,114.8358211753806,7.4260452332813275e-81
fixed,NA,X_i,25.854054047248976,23.14344794035592,1.1171219653129771,51.04160101842436,0.26917320096641584
ran_pars,subj_id,sd__(Intercept),102.30377702982125,NA,NA,NA,NA
ran_pars,subj_id,cor__(Intercept).X_i,0.001140923209252467,NA,NA,NA,NA
ran_pars,subj_id,sd__X_i,41.63266799845645,NA,NA,NA,NA
ran_pars,item_id,sd__(Intercept),77.99588648314679,NA,NA,NA,NA
ran_pars,Residual,sd__Observation,198.80180915275548,NA,NA,NA,NA
fixed,NA,(Intercept),776.4821584071716,13.792396542560521,56.29784178631365,129.59020461945371,5.800348268591735e-93
fixed,NA,X_i,25.06417470926436,18.771891580492873,1.3351970738692216,52.141814783099946,0.18761200829347685
ran_pars,subj_id,sd__(Intercept),103.0210112317331,NA,NA,NA,NA
ran_pars,subj_id,cor__(Intercept).X_i,0.28469260110852995,NA,NA,NA,NA
ran_pars,subj_id,sd__X_i,39.99531743728418,NA,NA,NA,NA
ran_pars,item_id,sd__(Intercept),61.629354842084105,NA,NA,NA,NA
ran_pars,Residual,sd__Observation,201.6602002148175,NA,NA,NA,NA
fixed,NA,(Intercept),797.2190021687086,14.975164205627278,53.236077496174254,124.23062722107065,2.1969285887305326e-87
fixed,NA,X_i,49.81448204569151,21.25308027288884,2.3438711662533254,49.736913265037444,0.02312216801816309
ran_pars,subj_id,sd__(Intercept),106.56351387424625,NA,NA,NA,NA
ran_pars,subj_id,cor__(Intercept).X_i,0.30581229724166215,NA,NA,NA,NA
ran_pars,subj_id,sd__X_i,29.837139126957275,NA,NA,NA,NA
ran_pars,item_id,sd__(Intercept),71.62180793528776,NA,NA,NA,NA
ran_pars,Residual,sd__Observation,201.2964313503141,NA,NA,NA,NA
fixed,NA,(Intercept),800.7512503293702,15.4469979439424,51.83863254435066,103.27472670197369,9.401153362188485e-76
fixed,NA,X_i,72.70388385325076,24.4706347104684,2.9710665339689144,49.506574185922645,0.004569593004867707
ran_pars,subj_id,sd__(Intercept),95.59592096922603,NA,NA,NA,NA
ran_pars,subj_id,cor__(Intercept).X_i,0.16164688055398868,NA,NA,NA,NA
ran_pars,subj_id,sd__X_i,31.489975310906548,NA,NA,NA,NA
ran_pars,item_id,sd__(Intercept),83.44307391784413,NA,NA,NA,NA
ran_pars,Residual,sd__Observation,199.6122832322279,NA,NA,NA,NA
fixed,NA,(Intercept),802.5112758928225,14.460088737915889,55.498364528604355,108.39586140322206,1.9834029838029456e-81
fixed,NA,X_i,45.33146285615285,22.39386345186501,2.0242805781856967,50.028675731010395,0.04829688894032738
ran_pars,subj_id,sd__(Intercept),93.02222942519205,NA,NA,NA,NA
ran_pars,subj_id,cor__(Intercept).X_i,0.3358889685799197,NA,NA,NA,NA
ran_pars,subj_id,sd__X_i,33.51695355581028,NA,NA,NA,NA
ran_pars,item_id,sd__(Intercept),75.66936975417144,NA,NA,NA,NA
ran_pars,Residual,sd__Observation,200.57098813387117,NA,NA,NA,NA
fixed,NA,(Intercept),784.0585652198951,15.227280789944963,51.490385974732455,111.31699516807942,1.8055260487007036e-79
fixed,NA,X_i,48.41476804200996,23.429756443913764,2.066379484477588,51.166282774054665,0.04387210259845219
ran_pars,subj_id,sd__(Intercept),99.62179836644943,NA,NA,NA,NA
ran_pars,subj_id,cor__(Intercept).X_i,0.2746354869915114,NA,NA,NA,NA
ran_pars,subj_id,sd__X_i,42.95727457417661,NA,NA,NA,NA
ran_pars,item_id,sd__(Intercept),78.88665611450574,NA,NA,NA,NA
ran_pars,Residual,sd__Observation,202.0267667860946,NA,NA,NA,NA
fixed,NA,(Intercept),812.4180633801345,14.784139161707818,54.95200325794867,110.16893746828767,6.667065328536172e-82
fixed,NA,X_i,58.84857782043305,22.74640795808321,2.5871591650373307,50.212952869062924,0.012619109721394812
ran_pars,subj_id,sd__(Intercept),96.09383992328465,NA,NA,NA,NA
ran_pars,subj_id,cor__(Intercept).X_i,0.27524032041537605,NA,NA,NA,NA
ran_pars,subj_id,sd__X_i,35.32284647738698,NA,NA,NA,NA
ran_pars,item_id,sd__(Intercept),76.89075228362218,NA,NA,NA,NA
ran_pars,Residual,sd__Observation,199.83436023242785,NA,NA,NA,NA
fixed,NA,(Intercept),823.6605630231585,15.449351857575826,53.313599859483034,103.38608443462286,5.0330862810518805e-77
fixed,NA,X_i,13.800268913101428,24.58325729894662,0.5613686073119677,50.43322774005919,0.5770323657902148
ran_pars,subj_id,sd__(Intercept),95.65527307672204,NA,NA,NA,NA
ran_pars,subj_id,cor__(Intercept).X_i,0.3306122160940192,NA,NA,NA,NA
ran_pars,subj_id,sd__X_i,39.50177064960583,NA,NA,NA,NA
ran_pars,item_id,sd__(Intercept),83.44189982560331,NA,NA,NA,NA
ran_pars,Residual,sd__Observation,199.150034085763,NA,NA,NA,NA
fixed,NA,(Intercept),802.8753234406877,17.266500161547373,46.499019252824446,119.28664133941663,2.717866576518831e-78
fixed,NA,X_i,35.409624727263285,25.59308490268166,1.3835621950972015,50.82796743140502,0.17253916363812366
ran_pars,subj_id,sd__(Intercept),118.00814329585712,NA,NA,NA,NA
ran_pars,subj_id,cor__(Intercept).X_i,0.13773620535444728,NA,NA,NA,NA
ran_pars,subj_id,sd__X_i,44.17551231898088,NA,NA,NA,NA
ran_pars,item_id,sd__(Intercept),86.83274484521692,NA,NA,NA,NA
ran_pars,Residual,sd__Observation,200.92657166559684,NA,NA,NA,NA
fixed,NA,(Intercept),803.8307430221988,17.126028055608966,46.93620379530648,94.82680765408509,1.9176227379674657e-67
fixed,NA,X_i,72.62623435263083,28.174236562958075,2.5777534092304664,49.57605895866803,0.012965820045375578
ran_pars,subj_id,sd__(Intercept),99.09392909780553,NA,NA,NA,NA
ran_pars,subj_id,cor__(Intercept).X_i,0.014498047713054645,NA,NA,NA,NA
ran_pars,subj_id,sd__X_i,36.562999632188244,NA,NA,NA,NA
ran_pars,item_id,sd__(Intercept),96.69460203044675,NA,NA,NA,NA
ran_pars,Residual,sd__Observation,201.34358550219596,NA,NA,NA,NA
fixed,NA,(Intercept),785.3934766530125,15.006394050738402,52.33725530580523,105.26583772779902,3.488539419024254e-77
fixed,NA,X_i,-6.349452923504924,23.88840287201906,-0.26579646021217096,52.37439350451419,0.791439483280855
ran_pars,subj_id,sd__(Intercept),94.33282882501429,NA,NA,NA,NA
ran_pars,subj_id,cor__(Intercept).X_i,-0.25812742024971475,NA,NA,NA,NA
ran_pars,subj_id,sd__X_i,50.82877720051465,NA,NA,NA,NA
ran_pars,item_id,sd__(Intercept),80.01896425239437,NA,NA,NA,NA
ran_pars,Residual,sd__Observation,201.79622969981605,NA,NA,NA,NA
fixed,NA,(Intercept),817.9220510324672,15.24930061594384,53.63669270033881,116.25873540811028,7.472241576251502e-84
fixed,NA,X_i,0.37516375270751784,22.745637116227986,0.016493877519915916,50.042960795526106,0.9869059716090032
ran_pars,subj_id,sd__(Intercept),103.00989370265533,NA,NA,NA,NA
ran_pars,subj_id,cor__(Intercept).X_i,0.23908236672630828,NA,NA,NA,NA
ran_pars,subj_id,sd__X_i,34.118702710784895,NA,NA,NA,NA
ran_pars,item_id,sd__(Intercept),76.87173323595744,NA,NA,NA,NA
ran_pars,Residual,sd__Observation,203.04580585572498,NA,NA,NA,NA
fixed,NA,(Intercept),794.4217772763076,15.382235527386067,51.645404587775495,108.04123195285696,5.47937322797753e-78
fixed,NA,X_i,28.763536633454212,23.778639331700017,1.2096376177045876,49.042293023245044,0.23221679597338243
ran_pars,subj_id,sd__(Intercept),98.45909259885246,NA,NA,NA,NA
ran_pars,subj_id,cor__(Intercept).X_i,-0.12512756080719398,NA,NA,NA,NA
ran_pars,subj_id,sd__X_i,25.95905584311666,NA,NA,NA,NA
ran_pars,item_id,sd__(Intercept),81.06506609141316,NA,NA,NA,NA
ran_pars,Residual,sd__Observation,202.98204179178992,NA,NA,NA,NA
fixed,NA,(Intercept),783.1942975425873,15.133607738613927,51.75198875706549,105.03108062655907,1.432563003832336e-76
fixed,NA,X_i,55.4675807746993,24.07796319368567,2.3036658179312033,51.9271516782174,0.02527649896221682
ran_pars,subj_id,sd__(Intercept),94.87189862376019,NA,NA,NA,NA
ran_pars,subj_id,cor__(Intercept).X_i,0.10298558133264203,NA,NA,NA,NA
ran_pars,subj_id,sd__X_i,48.652918463850135,NA,NA,NA,NA
ran_pars,item_id,sd__(Intercept),80.97551582590381,NA,NA,NA,NA
ran_pars,Residual,sd__Observation,198.47705706289105,NA,NA,NA,NA
fixed,NA,(Intercept),813.0704461701564,15.196577126472476,53.50352512960209,117.99291565775268,1.361728370474761e-84
fixed,NA,X_i,45.44625728345856,22.647580835618907,2.0066716005262295,51.69052791873411,0.05002873548387202
ran_pars,subj_id,sd__(Intercept),103.78726380943857,NA,NA,NA,NA
ran_pars,subj_id,cor__(Intercept).X_i,-0.11865396418414373,NA,NA,NA,NA
ran_pars,subj_id,sd__X_i,44.767105585030286,NA,NA,NA,NA
ran_pars,item_id,sd__(Intercept),75.84575120233306,NA,NA,NA,NA
ran_pars,Residual,sd__Observation,202.06973500968203,NA,NA,NA,NA
fixed,NA,(Intercept),779.0533354783131,15.294993368532566,50.93518622120574,112.3115850864806,1.8905005181288074e-79
fixed,NA,X_i,38.94152812236124,23.151342361768506,1.682041909875093,48.80307920136908,0.09894957336968903
ran_pars,subj_id,sd__(Intercept),100.59953060318401,NA,NA,NA,NA
ran_pars,subj_id,cor__(Intercept).X_i,0.34989222689624183,NA,NA,NA,NA
ran_pars,subj_id,sd__X_i,22.467725477936586,NA,NA,NA,NA
ran_pars,item_id,sd__(Intercept),79.00666692229247,NA,NA,NA,NA
ran_pars,Residual,sd__Observation,198.65923341512976,NA,NA,NA,NA
fixed,NA,(Intercept),820.2416828294542,15.813176166242977,51.870773727320966,112.8547511666459,1.4377750340659112e-80
fixed,NA,X_i,42.689176631180736,24.04413533891886,1.7754506880554037,49.899065092779644,0.08192232798812851
ran_pars,subj_id,sd__(Intercept),104.16672398858795,NA,NA,NA,NA
ran_pars,subj_id,cor__(Intercept).X_i,0.24143725476492073,NA,NA,NA,NA
ran_pars,subj_id,sd__X_i,34.529028075335496,NA,NA,NA,NA
ran_pars,item_id,sd__(Intercept),81.78129721506228,NA,NA,NA,NA
ran_pars,Residual,sd__Observation,197.3051585222511,NA,NA,NA,NA
fixed,NA,(Intercept),810.6118767316435,15.496560855954447,52.309146801444754,95.555370187585,3.9664719847350055e-72
fixed,NA,X_i,21.07443734399522,25.500969250335924,0.8264171113306843,50.487528099227745,0.41245610668791044
ran_pars,subj_id,sd__(Intercept),90.47628630451987,NA,NA,NA,NA
ran_pars,subj_id,cor__(Intercept).X_i,0.45940490022085345,NA,NA,NA,NA
ran_pars,subj_id,sd__X_i,41.429668832407714,NA,NA,NA,NA
ran_pars,item_id,sd__(Intercept),86.69026178340603,NA,NA,NA,NA
ran_pars,Residual,sd__Observation,199.74714974458996,NA,NA,NA,NA
fixed,NA,(Intercept),811.5076178377501,14.206156354348536,57.12365805331615,119.62445027248997,1.1362146493053483e-88
fixed,NA,X_i,58.78235714765248,20.829764391026735,2.822036584003579,51.104170452816426,0.006781524216824681
ran_pars,subj_id,sd__(Intercept),98.49974183317268,NA,NA,NA,NA
ran_pars,subj_id,cor__(Intercept).X_i,0.5623775830976245,NA,NA,NA,NA
ran_pars,subj_id,sd__X_i,38.35040648685827,NA,NA,NA,NA
ran_pars,item_id,sd__(Intercept),69.52822605968463,NA,NA,NA,NA
ran_pars,Residual,sd__Observation,201.36288848789786,NA,NA,NA,NA
fixed,NA,(Intercept),813.6055711401756,14.909233888138294,54.57058204630325,128.73170957777984,7.283850137260872e-91
fixed,NA,X_i,52.77463490118892,20.555235364561913,2.5674546637483218,50.45155470277232,0.013253844128738429
ran_pars,subj_id,sd__(Intercept),109.33243275743273,NA,NA,NA,NA
ran_pars,subj_id,cor__(Intercept).X_i,0.06180552760262443,NA,NA,NA,NA
ran_pars,subj_id,sd__X_i,33.94099950507961,NA,NA,NA,NA
ran_pars,item_id,sd__(Intercept),68.89283263016871,NA,NA,NA,NA
ran_pars,Residual,sd__Observation,197.80038989405432,NA,NA,NA,NA
fixed,NA,(Intercept),807.059817046672,16.236557874337084,49.70633697689592,106.40524936359012,1.7981000393042754e-75
fixed,NA,X_i,32.052631126191905,25.40950787335811,1.261442420921466,49.51978097183114,0.21305953881167045
ran_pars,subj_id,sd__(Intercept),102.40427382336722,NA,NA,NA,NA
ran_pars,subj_id,cor__(Intercept).X_i,0.25669887636225586,NA,NA,NA,NA
ran_pars,subj_id,sd__X_i,32.56571177035531,NA,NA,NA,NA
ran_pars,item_id,sd__(Intercept),86.89191203743484,NA,NA,NA,NA
ran_pars,Residual,sd__Observation,196.9183978623152,NA,NA,NA,NA
fixed,NA,(Intercept),759.0856577664988,16.898224616292044,44.92103016755046,115.66507013319685,4.686905711074227e-75
fixed,NA,X_i,65.55786560670899,25.472356558223243,2.573686712372316,50.46596966482514,0.01304434960154647
ran_pars,subj_id,sd__(Intercept),112.94206539016913,NA,NA,NA,NA
ran_pars,subj_id,cor__(Intercept).X_i,-6.429619579350922e-4,NA,NA,NA,NA
ran_pars,subj_id,sd__X_i,41.08208037878999,NA,NA,NA,NA
ran_pars,item_id,sd__(Intercept),86.66169851429576,NA,NA,NA,NA
ran_pars,Residual,sd__Observation,197.30552512569977,NA,NA,NA,NA
fixed,NA,(Intercept),803.6545668951708,15.086653632470059,53.26923958574322,112.88925549491958,7.712754717266659e-82
fixed,NA,X_i,42.52745822487178,22.946004320674305,1.8533709673607366,50.477888375774576,0.06967825469417081
ran_pars,subj_id,sd__(Intercept),99.74671415030059,NA,NA,NA,NA
ran_pars,subj_id,cor__(Intercept).X_i,0.3200668201934827,NA,NA,NA,NA
ran_pars,subj_id,sd__X_i,37.50589597811211,NA,NA,NA,NA
ran_pars,item_id,sd__(Intercept),77.45177152149105,NA,NA,NA,NA
ran_pars,Residual,sd__Observation,201.71154840442506,NA,NA,NA,NA
fixed,NA,(Intercept),782.3080824061503,15.96521868379044,49.0007746151596,121.70819066617149,5.634594225749763e-82
fixed,NA,X_i,75.37317465102113,23.336731062838286,3.229808598645007,51.324258859709026,0.0021631097693240162
ran_pars,subj_id,sd__(Intercept),111.14114928237707,NA,NA,NA,NA
ran_pars,subj_id,cor__(Intercept).X_i,0.006945342876814981,NA,NA,NA,NA
ran_pars,subj_id,sd__X_i,43.754301235961805,NA,NA,NA,NA
ran_pars,item_id,sd__(Intercept),78.59787168198847,NA,NA,NA,NA
ran_pars,Residual,sd__Observation,197.63790532706307,NA,NA,NA,NA
fixed,NA,(Intercept),812.7353229679508,15.21105757248,53.43055991309637,109.62718351467478,2.480428883149854e-80
fixed,NA,X_i,31.68853834585773,23.536937365338524,1.346332271441721,50.69058728628501,0.18418519278245457
ran_pars,subj_id,sd__(Intercept),98.42835185556937,NA,NA,NA,NA
ran_pars,subj_id,cor__(Intercept).X_i,0.14840607020910151,NA,NA,NA,NA
ran_pars,subj_id,sd__X_i,40.00993452484057,NA,NA,NA,NA
ran_pars,item_id,sd__(Intercept),79.48084767698838,NA,NA,NA,NA
ran_pars,Residual,sd__Observation,201.8757666760784,NA,NA,NA,NA
fixed,NA,(Intercept),791.3997475064767,16.93674468861893,46.726792075827746,100.65741835513636,4.6811346922005845e-70
fixed,NA,X_i,52.937539241391164,27.22374608855725,1.9445354459738367,49.75348980253779,0.057495080405516194
ran_pars,subj_id,sd__(Intercept),102.48833553134878,NA,NA,NA,NA
ran_pars,subj_id,cor__(Intercept).X_i,-0.17275538199351248,NA,NA,NA,NA
ran_pars,subj_id,sd__X_i,37.24704727074398,NA,NA,NA,NA
ran_pars,item_id,sd__(Intercept),93.25838049566532,NA,NA,NA,NA
ran_pars,Residual,sd__Observation,198.39633053688044,NA,NA,NA,NA
fixed,NA,(Intercept),782.7480792326543,14.827911743368327,52.78882777156618,116.22856331805,4.585021332994378e-83
fixed,NA,X_i,9.206682903918628,22.29513975704794,0.41294573634633575,51.571648746065065,0.6813582706085772
ran_pars,subj_id,sd__(Intercept),100.14898364302512,NA,NA,NA,NA
ran_pars,subj_id,cor__(Intercept).X_i,0.017239435246706705,NA,NA,NA,NA
ran_pars,subj_id,sd__X_i,43.356830026030714,NA,NA,NA,NA
ran_pars,item_id,sd__(Intercept),74.7513425542369,NA,NA,NA,NA
ran_pars,Residual,sd__Observation,197.65516877370902,NA,NA,NA,NA
fixed,NA,(Intercept),787.6931490785862,14.575065646283875,54.04388345101005,122.25250054105796,3.398500953244266e-87
fixed,NA,X_i,22.200645584700812,21.183221581291832,1.0480297106606073,52.20396622734658,0.2994529752096123
ran_pars,subj_id,sd__(Intercept),102.59238214003727,NA,NA,NA,NA
ran_pars,subj_id,cor__(Intercept).X_i,0.21246295586837877,NA,NA,NA,NA
ran_pars,subj_id,sd__X_i,44.728734740537085,NA,NA,NA,NA
ran_pars,item_id,sd__(Intercept),70.38244369546433,NA,NA,NA,NA
ran_pars,Residual,sd__Observation,201.33060188301295,NA,NA,NA,NA
fixed,NA,(Intercept),805.0270469206681,14.84410937638141,54.232088063265934,99.71978574105788,8.051919608787599e-76
fixed,NA,X_i,77.57988393145008,23.944450430619764,3.239994342582289,50.197304407699505,0.0021237428673133237
ran_pars,subj_id,sd__(Intercept),89.67316960214269,NA,NA,NA,NA
ran_pars,subj_id,cor__(Intercept).X_i,-0.03844699020319408,NA,NA,NA,NA
ran_pars,subj_id,sd__X_i,36.87474416478619,NA,NA,NA,NA
ran_pars,item_id,sd__(Intercept),81.22588079288819,NA,NA,NA,NA
ran_pars,Residual,sd__Observation,199.7740661522919,NA,NA,NA,NA
fixed,NA,(Intercept),776.3610754265754,15.225106632119907,50.992160132968266,107.66140122101714,3.162812310232428e-77
fixed,NA,X_i,41.90044466118732,24.034846248568304,1.7433206864671842,52.641514498229206,0.08711596774976277
ran_pars,subj_id,sd__(Intercept),97.09590107294333,NA,NA,NA,NA
ran_pars,subj_id,cor__(Intercept).X_i,0.02808576193595817,NA,NA,NA,NA
ran_pars,subj_id,sd__X_i,52.500387199741766,NA,NA,NA,NA
ran_pars,item_id,sd__(Intercept),80.56873103701813,NA,NA,NA,NA
ran_pars,Residual,sd__Observation,196.23103079573502,NA,NA,NA,NA
fixed,NA,(Intercept),804.6507842828098,15.757547673673617,51.064467704397465,97.97764125370317,2.059995272163702e-72
fixed,NA,X_i,60.34542764517168,25.609755346036142,2.3563453391018787,49.98258609378101,0.02241708861973292
ran_pars,subj_id,sd__(Intercept),93.70985511350244,NA,NA,NA,NA
ran_pars,subj_id,cor__(Intercept).X_i,0.03334546298601705,NA,NA,NA,NA
ran_pars,subj_id,sd__X_i,37.30926419395393,NA,NA,NA,NA
ran_pars,item_id,sd__(Intercept),87.32166207034541,NA,NA,NA,NA
ran_pars,Residual,sd__Observation,199.79346710548066,NA,NA,NA,NA
fixed,NA,(Intercept),799.8788399781164,15.286240530022237,52.3267207791969,107.87168736355775,1.7083303132247824e-78
fixed,NA,X_i,70.60404151196578,23.93348380805009,2.950011042195951,51.26019372366615,0.004779402994026177
ran_pars,subj_id,sd__(Intercept),97.66460015928293,NA,NA,NA,NA
ran_pars,subj_id,cor__(Intercept).X_i,0.17001295155456644,NA,NA,NA,NA
ran_pars,subj_id,sd__X_i,44.35088949983256,NA,NA,NA,NA
ran_pars,item_id,sd__(Intercept),80.73913767326466,NA,NA,NA,NA
ran_pars,Residual,sd__Observation,198.86227966335784,NA,NA,NA,NA
fixed,NA,(Intercept),819.2630649517034,15.910524671135194,51.49189494913433,100.73034385123398,3.606537894037087e-74
fixed,NA,X_i,47.560312608186756,25.72551725760749,1.8487602069156581,51.2700680242846,0.07026265153354642
ran_pars,subj_id,sd__(Intercept),96.61877626882155,NA,NA,NA,NA
ran_pars,subj_id,cor__(Intercept).X_i,0.24399334499415168,NA,NA,NA,NA
ran_pars,subj_id,sd__X_i,47.571602911491155,NA,NA,NA,NA
ran_pars,item_id,sd__(Intercept),87.05618920335922,NA,NA,NA,NA
ran_pars,Residual,sd__Observation,202.69822966321385,NA,NA,NA,NA
fixed,NA,(Intercept),813.592767570462,14.392574156651445,56.528648643054915,102.76449239725876,3.1433183304211816e-79
fixed,NA,X_i,108.45209084295965,22.86149818503735,4.743875049883677,49.88433655123482,1.795643164289858e-5
ran_pars,subj_id,sd__(Intercept),88.98890090238221,NA,NA,NA,NA
ran_pars,subj_id,cor__(Intercept).X_i,0.36433500072850183,NA,NA,NA,NA
ran_pars,subj_id,sd__X_i,32.90032704735413,NA,NA,NA,NA
ran_pars,item_id,sd__(Intercept),77.51363355982669,NA,NA,NA,NA
ran_pars,Residual,sd__Observation,197.34079993277314,NA,NA,NA,NA
fixed,NA,(Intercept),806.9364555665184,14.844113444647764,54.36070389622829,115.12964149763391,6.1969058463566515e-84
fixed,NA,X_i,98.38597873085531,22.415789304806143,4.389137379595216,51.241669393613684,5.702110586201241e-5
ran_pars,subj_id,sd__(Intercept),99.5309633552108,NA,NA,NA,NA
ran_pars,subj_id,cor__(Intercept).X_i,0.300460952799123,NA,NA,NA,NA
ran_pars,subj_id,sd__X_i,41.63328113870613,NA,NA,NA,NA
ran_pars,item_id,sd__(Intercept),75.34127944448485,NA,NA,NA,NA
ran_pars,Residual,sd__Observation,196.94427545319803,NA,NA,NA,NA
fixed,NA,(Intercept),819.5745651846934,16.132737280130446,50.8019532552672,105.35857026752197,6.402795183192708e-76
fixed,NA,X_i,68.76142242127355,25.438501988355625,2.703045267867928,50.22635279584791,0.009350010097066735
ran_pars,subj_id,sd__(Intercept),101.1523878319679,NA,NA,NA,NA
ran_pars,subj_id,cor__(Intercept).X_i,0.1343259136869412,NA,NA,NA,NA
ran_pars,subj_id,sd__X_i,39.15195700996005,NA,NA,NA,NA
ran_pars,item_id,sd__(Intercept),86.53963328414895,NA,NA,NA,NA
ran_pars,Residual,sd__Observation,202.0518984013721,NA,NA,NA,NA
fixed,NA,(Intercept),762.6267637536909,16.895634804766857,45.137502826382516,113.96051174667846,1.512960259864515e-74
fixed,NA,X_i,76.06705827617084,25.509051255398692,2.981963441704722,49.241349356180514,0.004443633959340733
ran_pars,subj_id,sd__(Intercept),111.81359501272323,NA,NA,NA,NA
ran_pars,subj_id,cor__(Intercept).X_i,0.10668846934316412,NA,NA,NA,NA
ran_pars,subj_id,sd__X_i,29.9215562990204,NA,NA,NA,NA
ran_pars,item_id,sd__(Intercept),87.30990632975927,NA,NA,NA,NA
ran_pars,Residual,sd__Observation,199.74083574819667,NA,NA,NA,NA
fixed,NA,(Intercept),824.6815356039997,17.540715589091622,47.01527320338402,108.95127181683023,3.477439167518661e-74
fixed,NA,X_i,51.11245235527534,27.230585529412505,1.8770236247791063,49.92337620860504,0.06636466823113643
ran_pars,subj_id,sd__(Intercept),112.2863552951368,NA,NA,NA,NA
ran_pars,subj_id,cor__(Intercept).X_i,0.16558079200161763,NA,NA,NA,NA
ran_pars,subj_id,sd__X_i,38.89344184277758,NA,NA,NA,NA
ran_pars,item_id,sd__(Intercept),93.13017723100494,NA,NA,NA,NA
ran_pars,Residual,sd__Observation,201.61658291369142,NA,NA,NA,NA
fixed,NA,(Intercept),802.4078276729483,12.687450415761067,63.24421387894861,114.02430984020103,1.248019706359324e-90
fixed,NA,X_i,72.55942545867464,19.291286033212465,3.7612539326696064,53.47238040062062,4.2090112941883605e-4
ran_pars,subj_id,sd__(Intercept),85.64078197889418,NA,NA,NA,NA
ran_pars,subj_id,cor__(Intercept).X_i,0.37496438936156007,NA,NA,NA,NA
ran_pars,subj_id,sd__X_i,46.520819128536196,NA,NA,NA,NA
ran_pars,item_id,sd__(Intercept),62.99866548684325,NA,NA,NA,NA
ran_pars,Residual,sd__Observation,203.11727659628048,NA,NA,NA,NA
fixed,NA,(Intercept),807.7012389883671,15.841233560666073,50.987269135018416,100.65875344391775,1.0197048804779465e-73
fixed,NA,X_i,67.23213354013045,25.42647060515045,2.644178760952837,49.76380025765948,0.010924912180588773
ran_pars,subj_id,sd__(Intercept),96.12312501070232,NA,NA,NA,NA
ran_pars,subj_id,cor__(Intercept).X_i,0.046815747965481005,NA,NA,NA,NA
ran_pars,subj_id,sd__X_i,35.0897292850721,NA,NA,NA,NA
ran_pars,item_id,sd__(Intercept),86.74523229597987,NA,NA,NA,NA
ran_pars,Residual,sd__Observation,200.66667117016004,NA,NA,NA,NA
fixed,NA,(Intercept),821.078917095438,13.293148231427708,61.767077504954045,117.26448506889582,2.6896035768280604e-91
fixed,NA,X_i,48.43265877463985,19.7918932438504,2.447095797148588,52.23876319713396,0.01780021802236001
ran_pars,subj_id,sd__(Intercept),91.24369566798235,NA,NA,NA,NA
ran_pars,subj_id,cor__(Intercept).X_i,0.07186448118542076,NA,NA,NA,NA
ran_pars,subj_id,sd__X_i,42.31354219536325,NA,NA,NA,NA
ran_pars,item_id,sd__(Intercept),65.3276099405928,NA,NA,NA,NA
ran_pars,Residual,sd__Observation,201.2428570184496,NA,NA,NA,NA
fixed,NA,(Intercept),828.9796645999711,14.971231595460804,55.37150763543817,100.0063852995462,7.562263350638835e-77
fixed,NA,X_i,83.04212547774961,24.19171022824742,3.432668657744816,50.745428836629074,0.001197796211556555
ran_pars,subj_id,sd__(Intercept),90.60649394238973,NA,NA,NA,NA
ran_pars,subj_id,cor__(Intercept).X_i,0.40632454808870755,NA,NA,NA,NA
ran_pars,subj_id,sd__X_i,41.31490240701359,NA,NA,NA,NA
ran_pars,item_id,sd__(Intercept),81.85956253658642,NA,NA,NA,NA
ran_pars,Residual,sd__Observation,200.28290573558436,NA,NA,NA,NA
fixed,NA,(Intercept),781.2379402015068,15.209471021295435,51.36522756824757,102.41285534284508,6.389524629087166e-75
fixed,NA,X_i,26.080748129106645,24.211081980188283,1.0772235685480018,49.74844234618438,0.28657642828701296
ran_pars,subj_id,sd__(Intercept),93.58140955349297,NA,NA,NA,NA
ran_pars,subj_id,cor__(Intercept).X_i,0.2825927348095288,NA,NA,NA,NA
ran_pars,subj_id,sd__X_i,33.41207000768257,NA,NA,NA,NA
ran_pars,item_id,sd__(Intercept),82.43142334951334,NA,NA,NA,NA
ran_pars,Residual,sd__Observation,198.17183829811782,NA,NA,NA,NA
fixed,NA,(Intercept),793.7097582300078,15.19647688429339,52.229853292532674,125.48402033426841,5.423127860535697e-87
fixed,NA,X_i,49.07674444682885,21.533281565546996,2.2791112584229185,50.86055826118997,0.026889460401576457
ran_pars,subj_id,sd__(Intercept),108.91200438965993,NA,NA,NA,NA
ran_pars,subj_id,cor__(Intercept).X_i,0.10156914749383865,NA,NA,NA,NA
ran_pars,subj_id,sd__X_i,37.97836780149026,NA,NA,NA,NA
ran_pars,item_id,sd__(Intercept),72.19076453973662,NA,NA,NA,NA
ran_pars,Residual,sd__Observation,201.0538857679446,NA,NA,NA,NA
fixed,NA,(Intercept),801.6333385893331,14.752238488215792,54.339776246817344,113.41566226992354,4.7859692317675585e-83
fixed,NA,X_i,40.80873052585525,22.311687448182738,1.8290293201995835,50.01103680707426,0.07336081764952278
ran_pars,subj_id,sd__(Intercept),97.94672031057623,NA,NA,NA,NA
ran_pars,subj_id,cor__(Intercept).X_i,-0.04659360175041464,NA,NA,NA,NA
ran_pars,subj_id,sd__X_i,33.22594756600198,NA,NA,NA,NA
ran_pars,item_id,sd__(Intercept),75.40365254680806,NA,NA,NA,NA
ran_pars,Residual,sd__Observation,199.73387130397595,NA,NA,NA,NA
fixed,NA,(Intercept),825.5568728773906,15.951316125051775,51.754781010254156,115.06247648560692,1.5321453630139161e-81
fixed,NA,X_i,31.51235423719075,24.068040194462966,1.3093028756217717,50.510393421427175,0.19635668813574061
ran_pars,subj_id,sd__(Intercept),106.54238087061846,NA,NA,NA,NA
ran_pars,subj_id,cor__(Intercept).X_i,0.29120366806232684,NA,NA,NA,NA
ran_pars,subj_id,sd__X_i,39.42558963416551,NA,NA,NA,NA
ran_pars,item_id,sd__(Intercept),81.56175537509753,NA,NA,NA,NA
ran_pars,Residual,sd__Observation,198.5610499095375,NA,NA,NA,NA
fixed,NA,(Intercept),801.4680273616159,15.332583978845099,52.27220855058934,121.21972426002208,5.280631737153176e-85
fixed,NA,X_i,58.742192940090156,22.210116498469283,2.6448394786285188,49.69693205667317,0.010910174921757198
ran_pars,subj_id,sd__(Intercept),106.8230846787214,NA,NA,NA,NA
ran_pars,subj_id,cor__(Intercept).X_i,0.11972195469698474,NA,NA,NA,NA
ran_pars,subj_id,sd__X_i,30.63267179552512,NA,NA,NA,NA
ran_pars,item_id,sd__(Intercept),75.10555475741823,NA,NA,NA,NA
ran_pars,Residual,sd__Observation,201.98428351203412,NA,NA,NA,NA
fixed,NA,(Intercept),818.1028848809121,15.177937022693355,53.90079584977341,109.88942203466547,7.21470829232516e-81
fixed,NA,X_i,78.45084103425594,23.49424549076572,3.339151328145039,50.995403912919635,0.0015764140823494406
ran_pars,subj_id,sd__(Intercept),98.3746391384202,NA,NA,NA,NA
ran_pars,subj_id,cor__(Intercept).X_i,0.07597197696059098,NA,NA,NA,NA
ran_pars,subj_id,sd__X_i,41.956247622456424,NA,NA,NA,NA
ran_pars,item_id,sd__(Intercept),79.21253414717437,NA,NA,NA,NA
ran_pars,Residual,sd__Observation,201.26555453390424,NA,NA,NA,NA
fixed,NA,(Intercept),810.6629416646275,16.38426960873392,49.47812511779527,111.19341599033791,1.4539255582863872e-77
fixed,NA,X_i,59.61570003607042,25.087012783822786,2.376357063704024,49.45741941714136,0.021399041195206678
ran_pars,subj_id,sd__(Intercept),106.57980251288053,NA,NA,NA,NA
ran_pars,subj_id,cor__(Intercept).X_i,0.3761362049078779,NA,NA,NA,NA
ran_pars,subj_id,sd__X_i,31.545554546364183,NA,NA,NA,NA
ran_pars,item_id,sd__(Intercept),85.77729818762796,NA,NA,NA,NA
ran_pars,Residual,sd__Observation,196.17402844739834,NA,NA,NA,NA
fixed,NA,(Intercept),796.5563473978787,17.159615728569346,46.420407076580275,110.83144699540432,1.840710604813793e-74
fixed,NA,X_i,27.195394283574107,26.355300700189154,1.0318756971488063,49.64279693762343,0.30713147627993426
ran_pars,subj_id,sd__(Intercept),111.3024960659986,NA,NA,NA,NA
ran_pars,subj_id,cor__(Intercept).X_i,0.26657153402922795,NA,NA,NA,NA
ran_pars,subj_id,sd__X_i,35.10278109974111,NA,NA,NA,NA
ran_pars,item_id,sd__(Intercept),90.11180624264291,NA,NA,NA,NA
ran_pars,Residual,sd__Observation,202.0792315005369,NA,NA,NA,NA
fixed,NA,(Intercept),820.6470740650002,14.02785636241017,58.5012458684744,105.12795051175824,4.9764157955482685e-82
fixed,NA,X_i,39.43830293522068,22.05768893203838,1.7879616970179175,50.244130101503096,0.07981339593043499
ran_pars,subj_id,sd__(Intercept),88.39911141510834,NA,NA,NA,NA
ran_pars,subj_id,cor__(Intercept).X_i,0.49151747686266484,NA,NA,NA,NA
ran_pars,subj_id,sd__X_i,34.63342386210973,NA,NA,NA,NA
ran_pars,item_id,sd__(Intercept),74.34637110078619,NA,NA,NA,NA
ran_pars,Residual,sd__Observation,201.1102585340089,NA,NA,NA,NA
fixed,NA,(Intercept),798.8576144689346,15.025492625221021,53.16681684885414,101.3632877348783,7.493496969038241e-76
fixed,NA,X_i,49.017501308115826,24.15131863008444,2.0295993795989453,50.85490611983165,0.047645697853052574
ran_pars,subj_id,sd__(Intercept),91.85061695328494,NA,NA,NA,NA
ran_pars,subj_id,cor__(Intercept).X_i,0.24982664448404865,NA,NA,NA,NA
ran_pars,subj_id,sd__X_i,42.054619767127235,NA,NA,NA,NA
ran_pars,item_id,sd__(Intercept),81.65142468135458,NA,NA,NA,NA
ran_pars,Residual,sd__Observation,200.76064397260075,NA,NA,NA,NA
fixed,NA,(Intercept),786.2538822269815,16.599900416843692,47.36497584221532,101.76372042622205,3.762872865007163e-71
fixed,NA,X_i,74.64684354919771,26.614001158128268,2.804795983350274,50.293193300581365,0.007139007933271325
ran_pars,subj_id,sd__(Intercept),101.38044692387498,NA,NA,NA,NA
ran_pars,subj_id,cor__(Intercept).X_i,0.4552657408019693,NA,NA,NA,NA
ran_pars,subj_id,sd__X_i,41.47057147863894,NA,NA,NA,NA
ran_pars,item_id,sd__(Intercept),90.73089836560537,NA,NA,NA,NA
ran_pars,Residual,sd__Observation,201.67827473076414,NA,NA,NA,NA
fixed,NA,(Intercept),795.057613357127,15.051055004411081,52.824045432304636,94.07144981070047,9.943603742051922e-72
fixed,NA,X_i,86.95612643444754,24.65002239628086,3.527628698932431,48.50530659990836,9.28072711424032e-4
ran_pars,subj_id,sd__(Intercept),86.92110940565732,NA,NA,NA,NA
ran_pars,subj_id,cor__(Intercept).X_i,0.1666433342389146,NA,NA,NA,NA
ran_pars,subj_id,sd__X_i,19.229528247831485,NA,NA,NA,NA
ran_pars,item_id,sd__(Intercept),84.53707156583444,NA,NA,NA,NA
ran_pars,Residual,sd__Observation,200.63816641143887,NA,NA,NA,NA
fixed,NA,(Intercept),811.6469850039508,17.017068022406857,47.696053393876795,83.66975867299765,1.9185823380208696e-62
fixed,NA,X_i,70.15220883508806,29.44061579059611,2.3828376870260985,50.57564554536427,0.020976477277039548
ran_pars,subj_id,sd__(Intercept),88.72397771935468,NA,NA,NA,NA
ran_pars,subj_id,cor__(Intercept).X_i,0.1215957105385093,NA,NA,NA,NA
ran_pars,subj_id,sd__X_i,48.27547069307458,NA,NA,NA,NA
ran_pars,item_id,sd__(Intercept),100.74038779096185,NA,NA,NA,NA
ran_pars,Residual,sd__Observation,198.60321259088812,NA,NA,NA,NA
fixed,NA,(Intercept),814.3018450663793,15.939004793953051,51.08862539368265,111.64987927458498,2.86950361231051e-79
fixed,NA,X_i,67.84164211343297,24.485254148269178,2.770714230802811,50.8658618381841,0.007791269485130601
ran_pars,subj_id,sd__(Intercept),104.27139978999814,NA,NA,NA,NA
ran_pars,subj_id,cor__(Intercept).X_i,0.33308215060561525,NA,NA,NA,NA
ran_pars,subj_id,sd__X_i,42.68626006730757,NA,NA,NA,NA
ran_pars,item_id,sd__(Intercept),82.8057440867645,NA,NA,NA,NA
ran_pars,Residual,sd__Observation,202.37095400209202,NA,NA,NA,NA
fixed,NA,(Intercept),800.2244049539455,12.76652731279231,62.681446986143605,99.78766884086055,5.922204648543455e-82
fixed,NA,X_i,97.58473458868158,20.517820772848552,4.756096452397932,50.33651894777581,1.696427382996814e-5
ran_pars,subj_id,sd__(Intercept),77.77714458494897,NA,NA,NA,NA
ran_pars,subj_id,cor__(Intercept).X_i,0.6224770070611171,NA,NA,NA,NA
ran_pars,subj_id,sd__X_i,33.18954586198938,NA,NA,NA,NA
ran_pars,item_id,sd__(Intercept),68.75597652842366,NA,NA,NA,NA
ran_pars,Residual,sd__Observation,199.29489786298402,NA,NA,NA,NA
fixed,NA,(Intercept),809.6000191368062,15.19512872062861,53.280234344952206,118.55963535010213,1.1507182859784374e-84
fixed,NA,X_i,41.18566462504255,22.526120157139747,1.8283514576738409,51.167514962948076,0.07332894449533371
ran_pars,subj_id,sd__(Intercept),104.08226410379045,NA,NA,NA,NA
ran_pars,subj_id,cor__(Intercept).X_i,0.39575414914490953,NA,NA,NA,NA
ran_pars,subj_id,sd__X_i,41.45244266239626,NA,NA,NA,NA
ran_pars,item_id,sd__(Intercept),75.68652113643104,NA,NA,NA,NA
ran_pars,Residual,sd__Observation,199.8971009304242,NA,NA,NA,NA
fixed,NA,(Intercept),808.0583257254063,16.011893348149925,50.466132152870756,111.80058231804225,9.018714193336395e-79
fixed,NA,X_i,58.5335993255855,24.55302299131744,2.383967112574465,50.59845283541198,0.02091710406231342
ran_pars,subj_id,sd__(Intercept),104.80475595035972,NA,NA,NA,NA
ran_pars,subj_id,cor__(Intercept).X_i,0.2543114411197349,NA,NA,NA,NA
ran_pars,subj_id,sd__X_i,40.85278256686902,NA,NA,NA,NA
ran_pars,item_id,sd__(Intercept),83.19400105578804,NA,NA,NA,NA
ran_pars,Residual,sd__Observation,201.43886989548741,NA,NA,NA,NA
fixed,NA,(Intercept),829.0727295949703,13.52613045981582,61.29415445592704,126.6722899785954,5.057985772714967e-96
fixed,NA,X_i,17.849236101409268,18.977617895290162,0.9405414420236096,53.043281592581195,0.3512036038072519
ran_pars,subj_id,sd__(Intercept),98.88509015258228,NA,NA,NA,NA
ran_pars,subj_id,cor__(Intercept).X_i,0.0826376248270696,NA,NA,NA,NA
ran_pars,subj_id,sd__X_i,44.10850518352068,NA,NA,NA,NA
ran_pars,item_id,sd__(Intercept),62.107231729705504,NA,NA,NA,NA
ran_pars,Residual,sd__Observation,200.34258170136528,NA,NA,NA,NA
fixed,NA,(Intercept),827.0437331958186,14.590740287456152,56.68278078438822,109.50644309427977,5.5349475208999316e-83
fixed,NA,X_i,37.013336042882734,22.543430416508357,1.6418679570513897,50.44522729253887,0.10683790539608816
ran_pars,subj_id,sd__(Intercept),94.44745675868214,NA,NA,NA,NA
ran_pars,subj_id,cor__(Intercept).X_i,0.3885680434829625,NA,NA,NA,NA
ran_pars,subj_id,sd__X_i,36.688322293735695,NA,NA,NA,NA
ran_pars,item_id,sd__(Intercept),76.10277281393289,NA,NA,NA,NA
ran_pars,Residual,sd__Observation,198.16458632659663,NA,NA,NA,NA
fixed,NA,(Intercept),790.4413303495741,14.12506432074449,55.960193341470905,132.83912978582003,3.116017665512553e-94
fixed,NA,X_i,22.0616612723695,18.16969896025937,1.2142007041846208,48.449598141366124,0.23055641542179575
ran_pars,subj_id,sd__(Intercept),108.44308724746914,NA,NA,NA,NA
ran_pars,subj_id,cor__(Intercept).X_i,0.31119114410105975,NA,NA,NA,NA
ran_pars,subj_id,sd__X_i,15.698149305711679,NA,NA,NA,NA
ran_pars,item_id,sd__(Intercept),60.71169904907761,NA,NA,NA,NA
ran_pars,Residual,sd__Observation,202.4870652539608,NA,NA,NA,NA
fixed,NA,(Intercept),810.8070303744512,14.204889358326852,57.07943299812886,107.68041245831388,2.5333404522837582e-82
fixed,NA,X_i,37.23543717643011,22.31380164719984,1.6687177633445887,52.28782089216378,0.1011512858323585
ran_pars,subj_id,sd__(Intercept),91.04962264722731,NA,NA,NA,NA
ran_pars,subj_id,cor__(Intercept).X_i,0.22868221359557428,NA,NA,NA,NA
ran_pars,subj_id,sd__X_i,47.31973012340628,NA,NA,NA,NA
ran_pars,item_id,sd__(Intercept),74.4180227254619,NA,NA,NA,NA
ran_pars,Residual,sd__Observation,201.46589925990537,NA,NA,NA,NA
fixed,NA,(Intercept),811.0936865196069,14.34904723967014,56.52596112982429,115.66820780314933,4.2515777209100984e-86
fixed,NA,X_i,40.58015092298741,21.56967596151667,1.8813519032640127,51.38207420518663,0.06559534550285151
ran_pars,subj_id,sd__(Intercept),96.85348404726543,NA,NA,NA,NA
ran_pars,subj_id,cor__(Intercept).X_i,0.2891906523129566,NA,NA,NA,NA
ran_pars,subj_id,sd__X_i,41.10254155582162,NA,NA,NA,NA
ran_pars,item_id,sd__(Intercept),72.13828668101523,NA,NA,NA,NA
ran_pars,Residual,sd__Observation,200.13164242442417,NA,NA,NA,NA
fixed,NA,(Intercept),782.1182105262754,14.590870735478116,53.6032581403475,106.82923712535407,4.7979085360074764e-79
fixed,NA,X_i,35.85748278879448,22.81861761729665,1.5714134567737483,50.412289162560825,0.12234257626803197
ran_pars,subj_id,sd__(Intercept),92.80377424935652,NA,NA,NA,NA
ran_pars,subj_id,cor__(Intercept).X_i,0.19526393504119297,NA,NA,NA,NA
ran_pars,subj_id,sd__X_i,36.90107760427053,NA,NA,NA,NA
ran_pars,item_id,sd__(Intercept),77.06772691537932,NA,NA,NA,NA
ran_pars,Residual,sd__Observation,199.74249713225254,NA,NA,NA,NA
fixed,NA,(Intercept),794.5563555265428,15.77908396637214,50.35503690961243,106.39264925213095,4.8531671804392315e-76
fixed,NA,X_i,50.376171994445286,24.795684134836552,2.0316508195742653,50.52448898449464,0.04746452550505557
ran_pars,subj_id,sd__(Intercept),99.70526787735716,NA,NA,NA,NA
ran_pars,subj_id,cor__(Intercept).X_i,-0.11502176690414903,NA,NA,NA,NA
ran_pars,subj_id,sd__X_i,40.68612311734973,NA,NA,NA,NA
ran_pars,item_id,sd__(Intercept),84.13251118493136,NA,NA,NA,NA
ran_pars,Residual,sd__Observation,200.03121790350698,NA,NA,NA,NA
fixed,NA,(Intercept),815.944082155457,14.893551832376119,54.785056737220295,123.95137037333814,9.88547012958138e-89
fixed,NA,X_i,90.62506271589588,21.428767413395065,4.229130913952914,52.116426566584025,9.500734597585263e-5
ran_pars,subj_id,sd__(Intercept),105.8441144136654,NA,NA,NA,NA
ran_pars,subj_id,cor__(Intercept).X_i,0.15127805650420004,NA,NA,NA,NA
ran_pars,subj_id,sd__X_i,44.765601038360664,NA,NA,NA,NA
ran_pars,item_id,sd__(Intercept),71.29552799323992,NA,NA,NA,NA
ran_pars,Residual,sd__Observation,201.58217166725242,NA,NA,NA,NA
fixed,NA,(Intercept),795.9447520115044,13.594921782598071,58.547210843856334,113.81328602785871,8.278335257039062e-87
fixed,NA,X_i,62.43835109982318,20.246697204016638,3.0838783467081416,48.221322438599664,0.003376720174282932
ran_pars,subj_id,sd__(Intercept),90.96418239443773,NA,NA,NA,NA
ran_pars,subj_id,cor__(Intercept).X_i,0.21739281643246505,NA,NA,NA,NA
ran_pars,subj_id,sd__X_i,12.72970431248436,NA,NA,NA,NA
ran_pars,item_id,sd__(Intercept),68.614112754923,NA,NA,NA,NA
ran_pars,Residual,sd__Observation,198.98673454716854,NA,NA,NA,NA
fixed,NA,(Intercept),832.7621822051667,15.762515972296383,52.831805764308115,122.5955032901899,3.320803289193588e-86
fixed,NA,X_i,39.67187157050449,23.028142602866694,1.7227560318115225,52.51451905404235,0.09081744063491419
ran_pars,subj_id,sd__(Intercept),110.4972946377271,NA,NA,NA,NA
ran_pars,subj_id,cor__(Intercept).X_i,0.14334783093565864,NA,NA,NA,NA
ran_pars,subj_id,sd__X_i,49.85358314155563,NA,NA,NA,NA
ran_pars,item_id,sd__(Intercept),76.93914224449598,NA,NA,NA,NA
ran_pars,Residual,sd__Observation,199.59654766531153,NA,NA,NA,NA
fixed,NA,(Intercept),807.6473407497293,13.585683524976373,59.44841415339343,102.49477551964924,2.9405630993437265e-81
fixed,NA,X_i,61.67612030695443,21.570522313429322,2.8592780188987943,49.90519005486655,0.006181929265261463
ran_pars,subj_id,sd__(Intercept),84.09285884010306,NA,NA,NA,NA
ran_pars,subj_id,cor__(Intercept).X_i,0.12281531824410222,NA,NA,NA,NA
ran_pars,subj_id,sd__X_i,31.414330848981454,NA,NA,NA,NA
ran_pars,item_id,sd__(Intercept),72.81117143664177,NA,NA,NA,NA
ran_pars,Residual,sd__Observation,197.80513191363812,NA,NA,NA,NA
fixed,NA,(Intercept),791.4344006389325,14.433499837669716,54.83315963141406,111.58655489926305,1.5526540646929355e-82
fixed,NA,X_i,52.544209757783236,22.09284173877252,2.3783364032146728,50.61446661765329,0.021204477148689022
ran_pars,subj_id,sd__(Intercept),94.73861107315068,NA,NA,NA,NA
ran_pars,subj_id,cor__(Intercept).X_i,0.05370396846222831,NA,NA,NA,NA
ran_pars,subj_id,sd__X_i,37.15664538301709,NA,NA,NA,NA
ran_pars,item_id,sd__(Intercept),74.44040716277654,NA,NA,NA,NA
ran_pars,Residual,sd__Observation,196.7789230598046,NA,NA,NA,NA
fixed,NA,(Intercept),798.6236518527021,17.167877409492668,46.51848523866541,98.53773830795205,7.231038242674547e-69
fixed,NA,X_i,31.040063721023206,27.761979240106424,1.1180781979759242,49.25102790842261,0.2689577521983164
ran_pars,subj_id,sd__(Intercept),102.31134719535464,NA,NA,NA,NA
ran_pars,subj_id,cor__(Intercept).X_i,-0.13740318565661347,NA,NA,NA,NA
ran_pars,subj_id,sd__X_i,32.385031937282,NA,NA,NA,NA
ran_pars,item_id,sd__(Intercept),95.32443164635409,NA,NA,NA,NA
ran_pars,Residual,sd__Observation,204.0214660778017,NA,NA,NA,NA
fixed,NA,(Intercept),806.7689487356067,14.070135988392378,57.33910101516981,111.1346522782542,2.189933400165839e-84
fixed,NA,X_i,77.14185810772999,21.506074324380727,3.5869799826868825,50.1854841802741,7.5749768884527e-4
ran_pars,subj_id,sd__(Intercept),92.26804721963046,NA,NA,NA,NA
ran_pars,subj_id,cor__(Intercept).X_i,0.20729527988408503,NA,NA,NA,NA
ran_pars,subj_id,sd__X_i,33.424582910545496,NA,NA,NA,NA
ran_pars,item_id,sd__(Intercept),72.44075625748387,NA,NA,NA,NA
ran_pars,Residual,sd__Observation,198.5137024422484,NA,NA,NA,NA
fixed,NA,(Intercept),789.3981408075676,17.537683554678917,45.01153977071062,87.84953867793301,1.8310061706541278e-62
fixed,NA,X_i,14.51701234379553,29.736744759073037,0.48818431410069574,49.83585258313629,0.6275604425252246
ran_pars,subj_id,sd__(Intercept),95.26571780707587,NA,NA,NA,NA
ran_pars,subj_id,cor__(Intercept).X_i,0.047541154672186815,NA,NA,NA,NA
ran_pars,subj_id,sd__X_i,41.24910978666799,NA,NA,NA,NA
ran_pars,item_id,sd__(Intercept),102.29306102919008,NA,NA,NA,NA
ran_pars,Residual,sd__Observation,194.13098511841312,NA,NA,NA,NA
fixed,NA,(Intercept),803.499706120274,14.772439629916983,54.391808411458,129.6565497526284,3.90654892045317e-91
fixed,NA,X_i,75.52231143194228,20.221667766152436,3.7347221952856695,51.48894681957605,4.712407206243394e-4
ran_pars,subj_id,sd__(Intercept),109.49484155005095,NA,NA,NA,NA
ran_pars,subj_id,cor__(Intercept).X_i,0.2883666179632542,NA,NA,NA,NA
ran_pars,subj_id,sd__X_i,39.472483845412185,NA,NA,NA,NA
ran_pars,item_id,sd__(Intercept),67.12170061923123,NA,NA,NA,NA
ran_pars,Residual,sd__Observation,202.82154075056332,NA,NA,NA,NA
fixed,NA,(Intercept),798.1393809347661,15.237216939618772,52.380916022761255,93.95872022696565,2.4575477989722667e-71
fixed,NA,X_i,62.68343852481169,25.158304294566374,2.491560551573021,49.918925982105115,0.016086270303736338
ran_pars,subj_id,sd__(Intercept),87.87997380800626,NA,NA,NA,NA
ran_pars,subj_id,cor__(Intercept).X_i,0.3038412749861153,NA,NA,NA,NA
ran_pars,subj_id,sd__X_i,36.28325588755009,NA,NA,NA,NA
ran_pars,item_id,sd__(Intercept),85.71074718344623,NA,NA,NA,NA
ran_pars,Residual,sd__Observation,200.21536460943142,NA,NA,NA,NA
fixed,NA,(Intercept),790.1595595658987,16.728387152406974,47.23465283096381,109.66923288944912,1.0018236991905071e-74
fixed,NA,X_i,75.59285507938195,25.870797982878628,2.921937511529777,49.94253687529397,0.00521230719138282
ran_pars,subj_id,sd__(Intercept),107.69504096916275,NA,NA,NA,NA
ran_pars,subj_id,cor__(Intercept).X_i,0.07910224689820022,NA,NA,NA,NA
ran_pars,subj_id,sd__X_i,37.2442148009836,NA,NA,NA,NA
ran_pars,item_id,sd__(Intercept),88.33748674127425,NA,NA,NA,NA
ran_pars,Residual,sd__Observation,197.3130374814829,NA,NA,NA,NA
fixed,NA,(Intercept),806.9772962544349,15.872626637076888,50.84081637562215,99.80742936280424,3.640743815953261e-73
fixed,NA,X_i,2.522550826134877,25.79186528017576,0.09780412539894,51.51199324416472,0.9224674076824371
ran_pars,subj_id,sd__(Intercept),95.76973548835069,NA,NA,NA,NA
ran_pars,subj_id,cor__(Intercept).X_i,0.04144746357503321,NA,NA,NA,NA
ran_pars,subj_id,sd__X_i,49.328387983893364,NA,NA,NA,NA
ran_pars,item_id,sd__(Intercept),87.1392506514787,NA,NA,NA,NA
ran_pars,Residual,sd__Observation,204.41225407172348,NA,NA,NA,NA
fixed,NA,(Intercept),799.4866955648322,14.71112472518185,54.34572206408571,127.38040903151399,5.469477464269179e-90
fixed,NA,X_i,72.04639182511634,20.75581692502726,3.4711421904209976,53.44486620174223,0.0010337800759890395
ran_pars,subj_id,sd__(Intercept),107.16168060696155,NA,NA,NA,NA
ran_pars,subj_id,cor__(Intercept).X_i,0.22866070842647596,NA,NA,NA,NA
ran_pars,subj_id,sd__X_i,49.47747480040361,NA,NA,NA,NA
ran_pars,item_id,sd__(Intercept),68.36146292377174,NA,NA,NA,NA
ran_pars,Residual,sd__Observation,201.4341147024786,NA,NA,NA,NA
fixed,NA,(Intercept),789.6110802140641,13.897422208328987,56.817089412512445,132.30853352572638,8.211529310105106e-95
fixed,NA,X_i,53.71266196541685,18.37426558284159,2.923254903617767,51.63965181440386,0.005131234396340787
ran_pars,subj_id,sd__(Intercept),105.89786436585098,NA,NA,NA,NA
ran_pars,subj_id,cor__(Intercept).X_i,0.1508298966464087,NA,NA,NA,NA
ran_pars,subj_id,sd__X_i,36.92501408602801,NA,NA,NA,NA
ran_pars,item_id,sd__(Intercept),60.508987210532815,NA,NA,NA,NA
ran_pars,Residual,sd__Observation,197.0788750625127,NA,NA,NA,NA
fixed,NA,(Intercept),803.0546317218887,15.37661508329462,52.225709453723596,109.61526171691581,2.7906002541230695e-79
fixed,NA,X_i,69.10352476159709,23.928832783760267,2.8878769552226315,51.731003839874944,0.005650078348452699
ran_pars,subj_id,sd__(Intercept),99.4436220635078,NA,NA,NA,NA
ran_pars,subj_id,cor__(Intercept).X_i,-0.1879054033470139,NA,NA,NA,NA
ran_pars,subj_id,sd__X_i,47.317260569807985,NA,NA,NA,NA
ran_pars,item_id,sd__(Intercept),80.42488237561591,NA,NA,NA,NA
ran_pars,Residual,sd__Observation,202.32050842769021,NA,NA,NA,NA
fixed,NA,(Intercept),837.277590480787,13.401078169541057,62.47837523877835,98.72655298974027,3.4599251417769107e-81
fixed,NA,X_i,85.23478839802986,21.639961467697308,3.9387680299367758,50.06211897477329,2.539454133718268e-4
ran_pars,subj_id,sd__(Intercept),80.73898076880161,NA,NA,NA,NA
ran_pars,subj_id,cor__(Intercept).X_i,0.4163823435927192,NA,NA,NA,NA
ran_pars,subj_id,sd__X_i,32.685881542765905,NA,NA,NA,NA
ran_pars,item_id,sd__(Intercept),72.95281843475854,NA,NA,NA,NA
ran_pars,Residual,sd__Observation,199.48422993819156,NA,NA,NA,NA
fixed,NA,(Intercept),788.1501691828674,18.51200689263836,42.575079717385464,73.09193371439528,2.444681726871178e-53
fixed,NA,X_i,67.46526875049834,33.11638883369996,2.0372169528896285,48.63114857814078,0.0470898529914574
ran_pars,subj_id,sd__(Intercept),83.90045033113742,NA,NA,NA,NA
ran_pars,subj_id,cor__(Intercept).X_i,0.3827321356632433,NA,NA,NA,NA
ran_pars,subj_id,sd__X_i,27.36610173763451,NA,NA,NA,NA
ran_pars,item_id,sd__(Intercept),114.97235406530062,NA,NA,NA,NA
ran_pars,Residual,sd__Observation,199.1067496227441,NA,NA,NA,NA
fixed,NA,(Intercept),788.6508246043455,13.572956095698434,58.10457346534011,92.32234933876461,1.6897623314679475e-74
fixed,NA,X_i,59.85262154724204,22.530697309902862,2.656492194803716,50.055931644538106,0.010565789006328376
ran_pars,subj_id,sd__(Intercept),77.57884917894555,NA,NA,NA,NA
ran_pars,subj_id,cor__(Intercept).X_i,0.21469025415926868,NA,NA,NA,NA
ran_pars,subj_id,sd__X_i,33.86869670461191,NA,NA,NA,NA
ran_pars,item_id,sd__(Intercept),76.14504147193644,NA,NA,NA,NA
ran_pars,Residual,sd__Observation,200.98522285482176,NA,NA,NA,NA
fixed,NA,(Intercept),786.6222054073282,14.835581841364965,53.022673045019864,103.03471071618348,1.3211190074589385e-76
fixed,NA,X_i,115.76652804565359,23.39276915000692,4.9488167605680555,48.62469246153339,9.356693725618859e-6
ran_pars,subj_id,sd__(Intercept),91.82578666808375,NA,NA,NA,NA
ran_pars,subj_id,cor__(Intercept).X_i,-0.22791284407568663,NA,NA,NA,NA
ran_pars,subj_id,sd__X_i,20.304428351297094,NA,NA,NA,NA
ran_pars,item_id,sd__(Intercept),79.93312743079647,NA,NA,NA,NA
ran_pars,Residual,sd__Observation,199.8579543369057,NA,NA,NA,NA
